{"results":[{"gender":"female","name":{"title":"Ms","first":"Emilia","last":"Lorenzo"},"location":{"street":{"number":7184,"name":"Avenida del Planetario"},"city":"Jerez de la Frontera","state":"Aragón","country":"Spain","postcode":16113,"coordinates":{"latitude":"-43.4471","longitude":"25.2433"},"timezone":{"offset":"+2:00","description":"Kaliningrad, South Africa"}},"email":"emilia.lorenzo@example.com","login":{"uuid":"57d8b360-17f5-4901-98d2-032d73962f3a","username":"blackbear305","password":"straight","salt":"B7uKag2I","md5":"a1a5872826b61da70efddfcab8f4df13","sha1":"62d5514ae94822d33b319a6a4e357d35b47b67b8","sha256":"571064ed7a8f9a5c64e04815694d433236de27e2cc146d9db82bc89b887bd5d3"},"dob":{"date":"1951-11-17T05:21:57.456Z","age":71},"registered":{"date":"2019-08-08T11:01:06.558Z","age":3},"phone":"925-419-165","cell":"658-262-911","id":{"name":"DNI","value":"73786748-W"},"picture":{"large":"https://randomuser.me/api/portraits/women/43.jpg","medium":"https://randomuser.me/api/portraits/med/women/43.jpg","thumbnail":"https://randomuser.me/api/portraits/thumb/women/43.jpg"},"nat":"ES"}],"info":{"seed":"ff351185452ea186","results":1,"page":1,"version":"1.4"}}