{"results":[{"gender":"female","name":{"title":"Miss","first":"Fátima","last":"Rubio"},"location":{"street":{"number":9110,"name":"Calle de La Almudena"},"city":"Pamplona","state":"Cataluña","country":"Spain","postcode":10595,"coordinates":{"latitude":"29.7251","longitude":"172.0274"},"timezone":{"offset":"+7:00","description":"Bangkok, Hanoi, Jakarta"}},"email":"fatima.rubio@example.com","login":{"uuid":"6c0ce7a6-0db9-44ad-b60c-b2bb2dded0cd","username":"smallpeacock262","password":"123456789","salt":"2RMsO2pA","md5":"7a25be665a5c5f92d68eb20f85d8d684","sha1":"9631db705ee006cd668168d4af38958e022a5353","sha256":"99eefd7ee715d7808911da78860ebf31eae0a7c1b737613ac5db4247bd9e136a"},"dob":{"date":"1985-10-12T22:14:59.329Z","age":37},"registered":{"date":"2016-08-24T06:07:01.434Z","age":6},"phone":"988-880-782","cell":"696-051-920","id":{"name":"DNI","value":"25063245-X"},"picture":{"large":"https://randomuser.me/api/portraits/women/13.jpg","medium":"https://randomuser.me/api/portraits/med/women/13.jpg","thumbnail":"https://randomuser.me/api/portraits/thumb/women/13.jpg"},"nat":"ES"}],"info":{"seed":"774e0b8c8bb5a94c","results":1,"page":1,"version":"1.4"}}