{"results":[{"gender":"male","name":{"title":"Mr","first":"Cristian","last":"Ortega"},"location":{"street":{"number":253,"name":"Calle del Prado"},"city":"Elche","state":"País Vasco","country":"Spain","postcode":31094,"coordinates":{"latitude":"75.2054","longitude":"-90.1577"},"timezone":{"offset":"-2:00","description":"Mid-Atlantic"}},"email":"cristian.ortega@example.com","login":{"uuid":"3a60d3f3-786e-46e1-b17f-2f28dcb342c1","username":"lazywolf215","password":"alpine","salt":"CIy6B5hp","md5":"69392988617be12507c19653bc3f3a7a","sha1":"51634ab2eba134635852e89db7a4dc016525170d","sha256":"1bec9d7e27eaa33a41d950a1c6182f67ac3cac333723ea60a9c5faf8e82f5aa6"},"dob":{"date":"2000-07-29T00:48:27.121Z","age":22},"registered":{"date":"2005-02-11T05:20:32.299Z","age":18},"phone":"988-722-171","cell":"659-348-373","id":{"name":"DNI","value":"64046049-Q"},"picture":{"large":"https://randomuser.me/api/portraits/men/55.jpg","medium":"https://randomuser.me/api/portraits/med/men/55.jpg","thumbnail":"https://randomuser.me/api/portraits/thumb/men/55.jpg"},"nat":"ES"}],"info":{"seed":"7971a1360c445606","results":1,"page":1,"version":"1.4"}}